backend,model_id,tensor_parallel_size,phase_label,concurrency,median,min,max,n_reps
sglang,Qwen/Qwen2.5-32B-Instruct,2,closed_c16_pfx0,16.0,318.8799155984804,318.2504699344917,318.9773795910074,5
sglang,Qwen/Qwen2.5-32B-Instruct,2,closed_c1_pfx0,1.0,34.523309796510006,34.501876767524536,34.53121716774291,5
sglang,Qwen/Qwen2.5-32B-Instruct,2,closed_c1_pfx0.6_pfx60,1.0,34.52428652964181,34.511224137115455,34.52804242266239,5
sglang,Qwen/Qwen2.5-32B-Instruct,2,closed_c64_pfx0,64.0,356.916118950083,356.7460544055981,357.3520178883477,5
sglang,Qwen/Qwen2.5-32B-Instruct,2,weak_closed_c16pergpu_pfx0,32.0,440.60285722252735,440.4916041689127,440.96149122219913,5
sglang,Qwen/Qwen2.5-7B-Instruct,1,closed_c128_pfx0,128.0,2374.916382224988,2371.992974621382,2377.875004107615,5
sglang,Qwen/Qwen2.5-7B-Instruct,1,closed_c1_pfx0,1.0,81.42551082067047,81.37695566249221,81.46392909348774,5
sglang,Qwen/Qwen2.5-7B-Instruct,1,closed_c32_pfx0,32.0,1446.5402814753506,1443.7020180856928,1447.662991790382,5
sglang,Qwen/Qwen2.5-7B-Instruct,1,closed_c8_pfx0,8.0,553.6100980110765,552.5121080517542,554.0310575647311,5
sglang,Qwen/Qwen2.5-7B-Instruct,1,open_r8_pfx0,,1831.3180539164555,1830.3310048712447,1831.5748462325546,5
sglang,Qwen/Qwen2.5-7B-Instruct,1,weak_closed_c16pergpu_pfx0,16.0,940.343520874725,939.8119698658306,941.2154182832763,5
sglang,Qwen/Qwen2.5-7B-Instruct,2,closed_c128_pfx0,128.0,2815.57155650794,2813.2008912482897,2830.1195334871463,5
sglang,Qwen/Qwen2.5-7B-Instruct,2,closed_c128_pfx0.3_pfx30,128.0,2830.0218127060402,2830.0218127060402,2830.0218127060402,1
sglang,Qwen/Qwen2.5-7B-Instruct,2,closed_c1_pfx0,1.0,137.56390472264636,137.43662862834927,137.59784064835037,5
sglang,Qwen/Qwen2.5-7B-Instruct,2,closed_c1_pfx0.3_pfx30,1.0,137.4957927696898,137.40344402086095,137.59269735268862,5
sglang,Qwen/Qwen2.5-7B-Instruct,2,closed_c32_pfx0,32.0,2321.88747429359,2317.17516533251,2326.4247374170845,5
sglang,Qwen/Qwen2.5-7B-Instruct,2,closed_c32_pfx0.3_pfx30,32.0,2323.9553857322126,2318.078166043318,2333.144072553352,5
sglang,Qwen/Qwen2.5-7B-Instruct,2,closed_c8_pfx0,8.0,833.0766101942355,831.0066929298698,833.7855991307283,5
sglang,Qwen/Qwen2.5-7B-Instruct,2,closed_c8_pfx0.3_pfx30,8.0,832.655081947434,829.7814365848911,833.8235238606519,5
sglang,Qwen/Qwen2.5-7B-Instruct,2,open_r8_pfx0,,1829.4734433158415,1829.0554200899826,1830.5685514451948,5
sglang,Qwen/Qwen2.5-7B-Instruct,2,weak_closed_c16pergpu_pfx0,32.0,2322.2395410158456,2321.1098086557026,2326.763691346066,5
sglang,Qwen/Qwen2.5-7B-Instruct,4,closed_c128_pfx0,128.0,6173.183302774184,6171.142876353702,6194.186374150939,5
sglang,Qwen/Qwen2.5-7B-Instruct,4,closed_c128_pfx0.3_pfx30,128.0,6172.7703431670825,6163.090644143113,6180.835575676934,5
sglang,Qwen/Qwen2.5-7B-Instruct,4,closed_c1_pfx0,1.0,228.21574743610302,228.03194846329882,228.28744608002827,5
sglang,Qwen/Qwen2.5-7B-Instruct,4,closed_c1_pfx0.3_pfx30,1.0,227.976377326303,227.55722105986214,228.01722864177626,5
sglang,Qwen/Qwen2.5-7B-Instruct,4,closed_c1_pfx0.6_pfx60,1.0,227.91252651154937,227.6925889437703,228.0341793160311,5
sglang,Qwen/Qwen2.5-7B-Instruct,4,closed_c32_pfx0,32.0,3648.5432693425687,3640.746921879006,3667.4888038824256,5
sglang,Qwen/Qwen2.5-7B-Instruct,4,closed_c32_pfx0.3_pfx30,32.0,3652.96021257132,3639.4719138826526,3661.090687108171,5
sglang,Qwen/Qwen2.5-7B-Instruct,4,closed_c32_pfx0.6_pfx60,32.0,3650.9122164266987,3637.7145294895085,3663.3538758308177,4
sglang,Qwen/Qwen2.5-7B-Instruct,4,closed_c8_pfx0,8.0,1395.641670714075,1391.9986438139283,1396.0373897849347,5
sglang,Qwen/Qwen2.5-7B-Instruct,4,closed_c8_pfx0.3_pfx30,8.0,1392.7128753667118,1385.9093048953298,1394.0105129070614,5
sglang,Qwen/Qwen2.5-7B-Instruct,4,closed_c8_pfx0.6_pfx60,8.0,1394.303434476117,1388.235859429214,1395.203956946409,5
sglang,Qwen/Qwen2.5-7B-Instruct,4,open_r8_pfx0,,1904.119300892818,1904.0556985724243,1904.3590441725082,5
sglang,Qwen/Qwen2.5-7B-Instruct,4,open_r8_pfx0.3_pfx30,,1904.3118525594157,1904.14260962557,1904.3932403622355,5
sglang,Qwen/Qwen2.5-7B-Instruct,4,weak_closed_c16pergpu_pfx0,64.0,5113.592237917192,5098.70569513331,5124.127369017841,5
sglang,Qwen/Qwen2.5-7B-Instruct,4,weak_closed_c16pergpu_pfx0.3_pfx30,64.0,5105.390152958452,5080.476880916952,5113.260557313833,5
vllm,Qwen/Qwen2.5-32B-Instruct,2,closed_c16_pfx0,16.0,315.80589105929954,314.4239781072797,316.5894593272477,5
vllm,Qwen/Qwen2.5-32B-Instruct,2,closed_c16_pfx0.6_pfx60,16.0,316.7299787257721,316.7299787257721,316.7299787257721,1
vllm,Qwen/Qwen2.5-32B-Instruct,2,closed_c1_pfx0,1.0,33.71560123223924,33.70635135190413,33.73559557692173,5
vllm,Qwen/Qwen2.5-32B-Instruct,2,closed_c1_pfx0.6_pfx60,1.0,33.70214319027398,33.695401548138406,33.72083305300152,5
vllm,Qwen/Qwen2.5-32B-Instruct,2,closed_c64_pfx0,64.0,429.12377185436526,428.9682937202572,429.28780133469456,5
vllm,Qwen/Qwen2.5-32B-Instruct,2,weak_closed_c16pergpu_pfx0,32.0,437.2544600016088,436.6555408194441,438.3752425206513,5
vllm,Qwen/Qwen2.5-32B-Instruct,4,closed_c16_pfx0,16.0,544.6169527250026,537.8678742121709,547.2104623475507,5
vllm,Qwen/Qwen2.5-32B-Instruct,4,closed_c16_pfx0.6_pfx60,16.0,539.0210652857654,537.2340072087036,544.4579740671526,5
vllm,Qwen/Qwen2.5-32B-Instruct,4,closed_c1_pfx0,1.0,57.38743425137213,57.32016807149176,57.44195627108979,5
vllm,Qwen/Qwen2.5-32B-Instruct,4,closed_c1_pfx0.6_pfx60,1.0,57.35664587832753,57.31649639455969,57.40655217962378,5
vllm,Qwen/Qwen2.5-32B-Instruct,4,closed_c64_pfx0,64.0,969.8812723909443,965.1809445447584,974.2336596509978,5
vllm,Qwen/Qwen2.5-32B-Instruct,4,closed_c64_pfx0.6_pfx60,64.0,968.0740404368061,966.3218736066847,969.9382485602749,5
vllm,Qwen/Qwen2.5-32B-Instruct,4,weak_closed_c16pergpu_pfx0,64.0,966.3438008768824,965.0322424933875,969.3882249326747,5
vllm,Qwen/Qwen2.5-32B-Instruct,4,weak_closed_c16pergpu_pfx0.6_pfx60,64.0,967.4405369936384,964.8634281547563,970.1883181757632,5
vllm,Qwen/Qwen2.5-7B-Instruct,1,closed_c1,1.0,76.11480569975038,70.72443019538379,80.14422186352424,18
vllm,Qwen/Qwen2.5-7B-Instruct,1,closed_c128,128.0,2184.8186449955765,2184.1709125435186,2185.4590468466554,3
vllm,Qwen/Qwen2.5-7B-Instruct,1,closed_c128_pfx0,128.0,2180.331815757029,2175.953215504776,2186.316747202656,5
vllm,Qwen/Qwen2.5-7B-Instruct,1,closed_c1_pfx0,1.0,79.79918952922038,79.59925395042382,80.14493693858437,5
vllm,Qwen/Qwen2.5-7B-Instruct,1,closed_c1_pfx0.6,1.0,80.16618491780996,80.1357346895156,80.22775788692333,4
vllm,Qwen/Qwen2.5-7B-Instruct,1,closed_c32,32.0,1266.5403289159526,1084.776632308228,1452.5269058392998,6
vllm,Qwen/Qwen2.5-7B-Instruct,1,closed_c32_pfx0,32.0,1447.0484328550842,1444.9136209622272,1448.4758333676314,5
vllm,Qwen/Qwen2.5-7B-Instruct,1,closed_c8,8.0,362.8614019646419,304.8745690453884,550.3284245945736,15
vllm,Qwen/Qwen2.5-7B-Instruct,1,closed_c8_pfx0,8.0,550.0444205711237,549.779245694209,550.401415518754,5
vllm,Qwen/Qwen2.5-7B-Instruct,1,open_r8,,1819.9592250719945,1818.0740494109277,1820.5410641037668,3
vllm,Qwen/Qwen2.5-7B-Instruct,1,open_r8_pfx0,,1819.9659622625122,1819.6844993151817,1820.9639116729081,5
vllm,Qwen/Qwen2.5-7B-Instruct,1,weak_closed_c16pergpu,16.0,945.0631741289236,943.9155404852089,945.0714919720035,3
vllm,Qwen/Qwen2.5-7B-Instruct,1,weak_closed_c16pergpu_pfx0,16.0,943.7792584579774,941.1354769884792,944.653275181817,5
vllm,Qwen/Qwen2.5-7B-Instruct,2,closed_c128_pfx0,128.0,3461.092278161246,3460.266694036945,3473.6332306217305,5
vllm,Qwen/Qwen2.5-7B-Instruct,2,closed_c128_pfx0.3_pfx30,128.0,3462.307636138911,3458.852116882012,3469.944134232177,3
vllm,Qwen/Qwen2.5-7B-Instruct,2,closed_c1_pfx0,1.0,129.37800357087485,129.16233928134363,129.43595538829908,5
vllm,Qwen/Qwen2.5-7B-Instruct,2,closed_c1_pfx0.3_pfx30,1.0,129.30506482410462,129.04407873435082,129.35816499932784,5
vllm,Qwen/Qwen2.5-7B-Instruct,2,closed_c32_pfx0,32.0,2314.6411528759395,2313.2384827014207,2323.5508645701934,5
vllm,Qwen/Qwen2.5-7B-Instruct,2,closed_c32_pfx0.3_pfx30,32.0,2309.28477586221,2301.188536139989,2319.964571039777,5
vllm,Qwen/Qwen2.5-7B-Instruct,2,closed_c8_pfx0,8.0,814.0474731940997,813.4546760851691,814.5506412500571,5
vllm,Qwen/Qwen2.5-7B-Instruct,2,closed_c8_pfx0.3_pfx30,8.0,811.8060050597196,811.5898239648869,812.9574312779274,5
vllm,Qwen/Qwen2.5-7B-Instruct,2,open_r8_pfx0,,1876.8670609603282,1876.7014394808593,1877.1406204041225,5
vllm,Qwen/Qwen2.5-7B-Instruct,2,weak_closed_c16pergpu_pfx0,32.0,2308.1301448915924,2305.883339306624,2321.9911205813146,5
vllm,Qwen/Qwen2.5-7B-Instruct,4,closed_c128_pfx0,128.0,5838.385798024712,5834.315332783856,5854.121673517397,5
vllm,Qwen/Qwen2.5-7B-Instruct,4,closed_c128_pfx0.3_pfx30,128.0,5832.1675318428315,5819.975775060183,5843.949824196648,5
vllm,Qwen/Qwen2.5-7B-Instruct,4,closed_c1_pfx0,1.0,205.23224008329134,204.92958701585766,205.30985577935664,5
vllm,Qwen/Qwen2.5-7B-Instruct,4,closed_c1_pfx0.3_pfx30,1.0,205.07994374179086,204.93245947356985,205.14630244393408,5
vllm,Qwen/Qwen2.5-7B-Instruct,4,closed_c1_pfx0.6_pfx60,1.0,205.0435881426179,204.85303951244632,205.11295033171308,5
vllm,Qwen/Qwen2.5-7B-Instruct,4,closed_c32_pfx0,32.0,3700.9541543083874,3691.6342700487558,3703.299109180122,5
vllm,Qwen/Qwen2.5-7B-Instruct,4,closed_c32_pfx0.3_pfx30,32.0,3695.667914177964,3688.12476201607,3700.2589533209098,5
vllm,Qwen/Qwen2.5-7B-Instruct,4,closed_c32_pfx0.6_pfx60,32.0,3688.6186053878127,3683.0597142836355,3705.853508855827,3
vllm,Qwen/Qwen2.5-7B-Instruct,4,closed_c8_pfx0,8.0,1336.84878191608,1333.5411239415096,1341.0114883720257,5
vllm,Qwen/Qwen2.5-7B-Instruct,4,closed_c8_pfx0.3_pfx30,8.0,1338.0855107361506,1337.353619143981,1341.705868287684,5
vllm,Qwen/Qwen2.5-7B-Instruct,4,closed_c8_pfx0.6_pfx60,8.0,1337.5966758870975,1336.7347412281656,1339.2310489877812,5
vllm,Qwen/Qwen2.5-7B-Instruct,4,open_r8_pfx0,,1902.2253063138426,1902.0890101974737,1902.4443915458407,5
vllm,Qwen/Qwen2.5-7B-Instruct,4,open_r8_pfx0.3_pfx30,,1902.4113885201482,1902.127032860686,1902.4933275240624,5
vllm,Qwen/Qwen2.5-7B-Instruct,4,weak_closed_c16pergpu_pfx0,64.0,5151.978651157221,5134.352546187559,5156.0852382998,5
vllm,Qwen/Qwen2.5-7B-Instruct,4,weak_closed_c16pergpu_pfx0.3_pfx30,64.0,5130.307254039124,5118.640721720226,5137.303499059026,5
