old_sha	new_sha
49d307b69b198a655dbc45be4e2a9e7b2d24bc7c	49d307b69b198a655dbc45be4e2a9e7b2d24bc7c
0af074e2f8df45c3b7210d2da009402334596868	0af074e2f8df45c3b7210d2da009402334596868
72492b5de8a45d15a524f409c19a1fe5aec71341	72492b5de8a45d15a524f409c19a1fe5aec71341
a71557388bf6f77a9e25993e1d74d49fe633b968	a71557388bf6f77a9e25993e1d74d49fe633b968
5f07f216bfc79d0622f84fd0fe61a112a78c092a	5f07f216bfc79d0622f84fd0fe61a112a78c092a
aa761fb521ffa7e2bb1c61f22502b3526a887a3a	aa761fb521ffa7e2bb1c61f22502b3526a887a3a
fc7c2a2c9ad602f22ae45cddf9797cac98b0a636	fc7c2a2c9ad602f22ae45cddf9797cac98b0a636
2cb53a1b904397ca927fa74eb02313fd97292efc	2cb53a1b904397ca927fa74eb02313fd97292efc
961a1947b643933225c453eb801b0b60d8887604	961a1947b643933225c453eb801b0b60d8887604
07e2d5279d03df757384a51a97aa7a65e71d0404	07e2d5279d03df757384a51a97aa7a65e71d0404
69da3e72ac6ac694f14ba31f8ef8bc0d234d4515	69da3e72ac6ac694f14ba31f8ef8bc0d234d4515
59c2ae6551d9fe67403ec16053eb407d5168e4e3	59c2ae6551d9fe67403ec16053eb407d5168e4e3
717c3a6f5b82e09aeb6b72081cd7b9aee8f4b4c2	717c3a6f5b82e09aeb6b72081cd7b9aee8f4b4c2
c32874f830279c33a99d3c5c9c31b2b4a4cafbc3	c32874f830279c33a99d3c5c9c31b2b4a4cafbc3
07d2452a8ea90563f4772d6c565358c825fe6795	07d2452a8ea90563f4772d6c565358c825fe6795
b3a9cd8b531c8a1750f0778635a4ce39ad820557	b3a9cd8b531c8a1750f0778635a4ce39ad820557
9d79ec995d3ea2475c5b357620ec74dcb4daac3d	9d79ec995d3ea2475c5b357620ec74dcb4daac3d
7403b520cfa4c600eecfd8ddb50ea0df178de16c	7403b520cfa4c600eecfd8ddb50ea0df178de16c
1410ffde7effa8e9dc594e65494c4ab84c215290	1410ffde7effa8e9dc594e65494c4ab84c215290
1960a47b0937ba5fa79afa52cc777335df46d989	1960a47b0937ba5fa79afa52cc777335df46d989
6274d7e62c675d3c8608d02183d82a3b3b4f92e9	6274d7e62c675d3c8608d02183d82a3b3b4f92e9
b4c51c5cae372043a82dcd70a896791dc5e97bd5	b4c51c5cae372043a82dcd70a896791dc5e97bd5
cdbdc3765d8db0541833274637d35102f06cfc32	cdbdc3765d8db0541833274637d35102f06cfc32
0a9ba7d58907f7156c63029da645aa24a5e407cb	0a9ba7d58907f7156c63029da645aa24a5e407cb
0a8cd0ddaecc2cb7c44b7d0f260a75e581fd617c	a53caabd11581fcee712be6b4e177d163a9ceb5c
a2709063ee27ad58c507588aa5a769fd0dd5a222	0067898689e590abf38b62c44353690ad7687bd9
5de30425c80c34a16b255d96ef2e95d6120f96bb	52a4b8348236238a7e9c9ebece242ca1c671ae52
6f7d61dc41f33ce8151152425847a04dd281f7ac	393058904275bf1ef3e443d1aad02effa26550bc
4c8c3ebdc891b9c3a194a70918b87aafa9442b7b	bae435c89ede2cdcd362336ba71674ce59aa94fa
f29575bfbb42370f0bb851963792a51ade23bb87	677b46cad7fc8edfce56953c65ae1edd56bf46ae
66b074389d3cb3e15ed6ca49f2521f7ed2ca7a99	356a6985a833240dc621f9c5719fa1b9266efd0e
bee21a446ce2e355265601fb3f12a7208c29dad7	f480d8bd4dbdbc96e05057bd4d0bf3e6eaa75920
1a574ade9875abc82df7d74cd0065694f1d6167d	4bf061adce9605af969aa3d3984e6d60163d28e0
d9d6d4f2d8b1c6794d6cec4e6752db1a2d813108	45181288831d369f9d44a3418b989670e91aab71
b6b5071c2a7d2c081bf82423635ddf0d4dca44e6	5eba3a44ce0e8a602a54ca282209c1c3ccf6ca08
